{
  "hash": "68081eab",
  "configHash": "ab581435",
  "lockfileHash": "470a9f5d",
  "browserHash": "8d576860",
  "optimized": {
    "@angular/core": {
      "src": "../../../../../node_modules/@angular/core/fesm2022/core.mjs",
      "file": "@angular_core.js",
      "fileHash": "84d3d993",
      "needsInterop": false
    },
    "@angular/platform-browser": {
      "src": "../../../../../node_modules/@angular/platform-browser/fesm2022/platform-browser.mjs",
      "file": "@angular_platform-browser.js",
      "fileHash": "10893880",
      "needsInterop": false
    },
    "@angular/router": {
      "src": "../../../../../node_modules/@angular/router/fesm2022/router.mjs",
      "file": "@angular_router.js",
      "fileHash": "47c66a25",
      "needsInterop": false
    }
  },
  "chunks": {
    "chunk-ISOS2PAI": {
      "file": "chunk-ISOS2PAI.js"
    },
    "chunk-YW2JQ5US": {
      "file": "chunk-YW2JQ5US.js"
    }
  }
}